﻿id,type,interaction,count,treatment
1,A_A,A_A,8,C
2,A_B,A_B,28,C
3,A_F,A_F,18,C
4,A_V,A_V,21,C
5,B_A,A_B,28,C
6,B_B,B_B,150,C
7,B_F,B_F,93,C
8,B_V,B_V,83,C
9,F_A,A_F,18,C
10,F_B,B_F,93,C
11,F_F,F_F,108,C
12,F_V,F_V,46,C
13,V_A,A_V,21,C
14,V_B,B_V,83,C
15,V_F,F_V,46,C
16,V_V,V_V,172,C
17,A_A,A_A,14,M
18,A_B,A_B,22,M
19,A_F,A_F,13,M
20,A_V,A_V,21,M
21,B_A,A_B,22,M
22,B_B,B_B,104,M
23,B_F,B_F,35,M
24,B_V,B_V,104,M
25,F_A,A_F,13,M
26,F_B,B_F,35,M
27,F_F,F_F,82,M
28,F_V,F_V,68,M
29,V_A,A_V,21,M
30,V_B,B_V,104,M
31,V_F,F_V,68,M
32,V_V,V_V,202,M
33,A_A,A_A,2,S
34,A_B,A_B,12,S
35,A_F,A_F,4,S
36,A_V,A_V,32,S
37,B_A,A_B,12,S
38,B_B,B_B,78,S
39,B_F,B_F,23,S
40,B_V,B_V,74,S
41,F_A,A_F,4,S
42,F_B,B_F,23,S
43,F_F,F_F,286,S
44,F_V,F_V,40,S
45,V_A,A_V,32,S
46,V_B,B_V,74,S
47,V_F,F_V,40,S
48,V_V,V_V,166,S
