﻿ID,Treatment,Label,degree,kindom
1,Control,N1,55,k__Archaea
2,Control,N2,88,k__Archaea
3,Control,N201,167,k__Bacteria
4,Control,N202,125,k__Bacteria
5,Control,N203,157,k__Bacteria
6,Control,N204,169,k__Bacteria
7,Control,N205,109,k__Bacteria
8,Control,N206,21,k__Bacteria
9,Control,N207,147,k__Bacteria
10,Control,N208,84,k__Bacteria
11,Control,N209,172,k__Bacteria
12,Control,N211,144,k__Bacteria
13,Control,N212,142,k__Bacteria
14,Control,N213,198,k__Bacteria
15,Control,N215,75,k__Bacteria
16,Control,N216,107,k__Bacteria
17,Control,N217,78,k__Bacteria
18,Control,N218,119,k__Bacteria
19,Control,N219,95,k__Bacteria
20,Control,N220,193,k__Bacteria
21,Control,N221,40,k__Bacteria
22,Control,N225,71,k__Bacteria
23,Control,N227,150,k__Bacteria
24,Control,N3,65,k__Archaea
25,Control,N4,126,k__Archaea
26,Control,N434,78,k__Fungi
27,Control,N435,118,k__Fungi
28,Control,N436,87,k__Fungi
29,Control,N437,180,k__Fungi
30,Control,N440,140,k__Fungi
31,Control,N441,127,k__Fungi
32,Control,N442,198,k__Fungi
33,Control,N443,113,k__Fungi
34,Control,N444,68,k__Fungi
35,Control,N447,137,k__Fungi
36,Control,N448,72,k__Fungi
37,Control,N449,128,k__Fungi
38,Control,N450,31,k__Fungi
39,Control,N454,60,k__Fungi
40,Control,N457,160,k__Fungi
41,Control,N458,34,k__Fungi
42,Control,N459,138,k__Fungi
43,Control,N460,43,k__Fungi
44,Control,N463,101,k__Fungi
45,Control,N5,71,k__Archaea
46,Control,N6,106,k__Archaea
47,Control,N664,28,k__Viruses
48,Control,N665,35,k__Viruses
49,Control,N666,56,k__Viruses
50,Control,N667,15,k__Viruses
51,Control,N669,101,k__Viruses
52,Control,N670,28,k__Viruses
53,Control,N671,30,k__Viruses
54,Control,N672,15,k__Viruses
55,Control,N673,56,k__Viruses
56,Control,N674,21,k__Viruses
57,Control,N675,21,k__Viruses
58,Control,N676,23,k__Viruses
59,Control,N677,63,k__Viruses
60,Control,N678,22,k__Viruses
61,Control,N679,16,k__Viruses
62,Control,N680,44,k__Viruses
63,Control,N681,71,k__Viruses
64,Control,N682,20,k__Viruses
65,Control,N683,14,k__Viruses
66,Control,N685,109,k__Viruses
67,Control,N686,135,k__Viruses
68,Control,N687,32,k__Viruses
69,Control,N689,27,k__Viruses
70,Control,N690,41,k__Viruses
71,Control,N692,19,k__Viruses
72,Control,N693,96,k__Viruses
73,Control,N695,110,k__Viruses
74,Control,N696,108,k__Viruses
75,Control,N697,12,k__Viruses
76,Control,N698,21,k__Viruses
77,Control,N699,20,k__Viruses
78,Control,N7,80,k__Archaea
79,Control,N702,24,k__Viruses
80,Control,N703,22,k__Viruses
81,Control,N704,39,k__Viruses
82,Control,N705,31,k__Viruses
83,Control,N706,28,k__Viruses
84,Control,N707,71,k__Viruses
85,Control,N708,32,k__Viruses
86,Control,N709,17,k__Viruses
87,Control,N710,32,k__Viruses
88,Control,N711,66,k__Viruses
89,Control,N715,60,k__Viruses
90,Control,N717,45,k__Viruses
91,Control,N718,75,k__Viruses
92,Control,N719,77,k__Viruses
93,Control,N720,38,k__Viruses
94,Control,N724,22,k__Viruses
95,Control,N733,57,k__Viruses
96,Control,N734,37,k__Viruses
97,Control,N738,31,k__Viruses
98,Control,N741,28,k__Viruses
99,Control,N748,19,k__Viruses
100,Control,N749,20,k__Viruses
101,Moderate,N1,0,k__Archaea
102,Moderate,N2,8,k__Archaea
103,Moderate,N201,19,k__Bacteria
104,Moderate,N202,8,k__Bacteria
105,Moderate,N203,11,k__Bacteria
106,Moderate,N204,12,k__Bacteria
107,Moderate,N205,15,k__Bacteria
108,Moderate,N206,17,k__Bacteria
109,Moderate,N207,20,k__Bacteria
110,Moderate,N208,9,k__Bacteria
111,Moderate,N209,12,k__Bacteria
112,Moderate,N210,25,k__Bacteria
113,Moderate,N211,10,k__Bacteria
114,Moderate,N212,11,k__Bacteria
115,Moderate,N213,8,k__Bacteria
116,Moderate,N214,7,k__Bacteria
117,Moderate,N215,14,k__Bacteria
118,Moderate,N216,3,k__Bacteria
119,Moderate,N217,7,k__Bacteria
120,Moderate,N218,7,k__Bacteria
121,Moderate,N219,23,k__Bacteria
122,Moderate,N221,10,k__Bacteria
123,Moderate,N223,8,k__Bacteria
124,Moderate,N225,9,k__Bacteria
125,Moderate,N3,4,k__Archaea
126,Moderate,N4,13,k__Archaea
127,Moderate,N434,14,k__Fungi
128,Moderate,N435,13,k__Fungi
129,Moderate,N436,8,k__Fungi
130,Moderate,N437,19,k__Fungi
131,Moderate,N438,9,k__Fungi
132,Moderate,N439,8,k__Fungi
133,Moderate,N440,12,k__Fungi
134,Moderate,N441,13,k__Fungi
135,Moderate,N442,12,k__Fungi
136,Moderate,N443,2,k__Fungi
137,Moderate,N444,14,k__Fungi
138,Moderate,N445,10,k__Fungi
139,Moderate,N446,7,k__Fungi
140,Moderate,N447,10,k__Fungi
141,Moderate,N448,10,k__Fungi
142,Moderate,N451,8,k__Fungi
143,Moderate,N454,20,k__Fungi
144,Moderate,N460,9,k__Fungi
145,Moderate,N5,10,k__Archaea
146,Moderate,N6,17,k__Archaea
147,Moderate,N664,4,k__Viruses
148,Moderate,N665,15,k__Viruses
149,Moderate,N666,4,k__Viruses
150,Moderate,N667,3,k__Viruses
151,Moderate,N668,6,k__Viruses
152,Moderate,N669,4,k__Viruses
153,Moderate,N670,1,k__Viruses
154,Moderate,N671,11,k__Viruses
155,Moderate,N672,2,k__Viruses
156,Moderate,N673,5,k__Viruses
157,Moderate,N674,8,k__Viruses
158,Moderate,N675,3,k__Viruses
159,Moderate,N676,3,k__Viruses
160,Moderate,N677,19,k__Viruses
161,Moderate,N678,3,k__Viruses
162,Moderate,N679,8,k__Viruses
163,Moderate,N680,3,k__Viruses
164,Moderate,N681,4,k__Viruses
165,Moderate,N682,12,k__Viruses
166,Moderate,N683,2,k__Viruses
167,Moderate,N684,22,k__Viruses
168,Moderate,N685,10,k__Viruses
169,Moderate,N686,22,k__Viruses
170,Moderate,N687,19,k__Viruses
171,Moderate,N688,4,k__Viruses
172,Moderate,N689,18,k__Viruses
173,Moderate,N690,0,k__Viruses
174,Moderate,N691,21,k__Viruses
175,Moderate,N692,2,k__Viruses
176,Moderate,N693,11,k__Viruses
177,Moderate,N694,12,k__Viruses
178,Moderate,N695,6,k__Viruses
179,Moderate,N696,3,k__Viruses
180,Moderate,N697,8,k__Viruses
181,Moderate,N698,12,k__Viruses
182,Moderate,N699,4,k__Viruses
183,Moderate,N7,18,k__Archaea
184,Moderate,N700,14,k__Viruses
185,Moderate,N704,2,k__Viruses
186,Moderate,N705,3,k__Viruses
187,Moderate,N706,7,k__Viruses
188,Moderate,N707,22,k__Viruses
189,Moderate,N708,2,k__Viruses
190,Moderate,N710,7,k__Viruses
191,Moderate,N711,4,k__Viruses
192,Moderate,N720,4,k__Viruses
193,Moderate,N725,0,k__Viruses
194,Moderate,N726,4,k__Viruses
195,Moderate,N728,6,k__Viruses
196,Moderate,N730,4,k__Viruses
197,Moderate,N734,8,k__Viruses
198,Moderate,N738,6,k__Viruses
199,Moderate,N748,5,k__Viruses
200,Moderate,N753,3,k__Viruses
201,Severe,N1,80,k__Archaea
202,Severe,N2,66,k__Archaea
203,Severe,N201,88,k__Bacteria
204,Severe,N202,141,k__Bacteria
205,Severe,N203,130,k__Bacteria
206,Severe,N204,33,k__Bacteria
207,Severe,N205,98,k__Bacteria
208,Severe,N206,83,k__Bacteria
209,Severe,N207,74,k__Bacteria
210,Severe,N208,85,k__Bacteria
211,Severe,N209,49,k__Bacteria
212,Severe,N210,73,k__Bacteria
213,Severe,N211,139,k__Bacteria
214,Severe,N212,133,k__Bacteria
215,Severe,N213,81,k__Bacteria
216,Severe,N215,51,k__Bacteria
217,Severe,N217,130,k__Bacteria
218,Severe,N219,124,k__Bacteria
219,Severe,N221,97,k__Bacteria
220,Severe,N223,147,k__Bacteria
221,Severe,N3,49,k__Archaea
222,Severe,N4,34,k__Archaea
223,Severe,N434,98,k__Fungi
224,Severe,N436,100,k__Fungi
225,Severe,N437,106,k__Fungi
226,Severe,N438,80,k__Fungi
227,Severe,N439,98,k__Fungi
228,Severe,N442,67,k__Fungi
229,Severe,N443,55,k__Fungi
230,Severe,N445,86,k__Fungi
231,Severe,N446,87,k__Fungi
232,Severe,N448,79,k__Fungi
233,Severe,N451,81,k__Fungi
234,Severe,N452,99,k__Fungi
235,Severe,N453,77,k__Fungi
236,Severe,N455,97,k__Fungi
237,Severe,N460,41,k__Fungi
238,Severe,N462,92,k__Fungi
239,Severe,N466,56,k__Fungi
240,Severe,N467,78,k__Fungi
241,Severe,N470,76,k__Fungi
242,Severe,N471,81,k__Fungi
243,Severe,N474,85,k__Fungi
244,Severe,N475,53,k__Fungi
245,Severe,N482,67,k__Fungi
246,Severe,N5,35,k__Archaea
247,Severe,N6,20,k__Archaea
248,Severe,N664,60,k__Viruses
249,Severe,N665,105,k__Viruses
250,Severe,N666,146,k__Viruses
251,Severe,N667,72,k__Viruses
252,Severe,N668,103,k__Viruses
253,Severe,N669,54,k__Viruses
254,Severe,N670,29,k__Viruses
255,Severe,N671,38,k__Viruses
256,Severe,N672,77,k__Viruses
257,Severe,N673,34,k__Viruses
258,Severe,N674,23,k__Viruses
259,Severe,N675,87,k__Viruses
260,Severe,N676,23,k__Viruses
261,Severe,N677,86,k__Viruses
262,Severe,N678,50,k__Viruses
263,Severe,N679,97,k__Viruses
264,Severe,N680,39,k__Viruses
265,Severe,N681,31,k__Viruses
266,Severe,N682,71,k__Viruses
267,Severe,N683,85,k__Viruses
268,Severe,N684,69,k__Viruses
269,Severe,N685,70,k__Viruses
270,Severe,N686,72,k__Viruses
271,Severe,N687,47,k__Viruses
272,Severe,N688,25,k__Viruses
273,Severe,N689,32,k__Viruses
274,Severe,N690,51,k__Viruses
275,Severe,N692,37,k__Viruses
276,Severe,N693,38,k__Viruses
277,Severe,N695,32,k__Viruses
278,Severe,N697,62,k__Viruses
279,Severe,N698,31,k__Viruses
280,Severe,N699,41,k__Viruses
281,Severe,N7,22,k__Archaea
282,Severe,N703,56,k__Viruses
283,Severe,N704,33,k__Viruses
284,Severe,N705,32,k__Viruses
285,Severe,N706,45,k__Viruses
286,Severe,N708,49,k__Viruses
287,Severe,N709,19,k__Viruses
288,Severe,N710,24,k__Viruses
289,Severe,N711,37,k__Viruses
290,Severe,N713,36,k__Viruses
291,Severe,N716,49,k__Viruses
292,Severe,N719,33,k__Viruses
293,Severe,N721,29,k__Viruses
294,Severe,N722,40,k__Viruses
295,Severe,N725,34,k__Viruses
296,Severe,N726,33,k__Viruses
297,Severe,N734,18,k__Viruses
298,Severe,N737,47,k__Viruses
299,Severe,N748,106,k__Viruses
300,Severe,N8,82,k__Archaea
