Value,TY
0.171637604,Control
0.189061821,Control
0.209713134,Control
0.213781185,Control
0.214091762,Control
0.221591655,Control
0.222347883,Control
0.226123784,Control
0.230178407,Control
0.236729605,Control
0.237677154,Control
0.241892489,Control
0.245987185,Control
0.24849468,Control
0.255563613,Control
0.268361279,Control
0.275025009,Control
0.279729236,Control
0.283355312,Control
0.288460164,Control
0.306649917,Control
0.308061759,Control
0.319142739,Control
0.337840846,Control
0.339119309,Control
0.34245894,Control
0.34525215,Control
0.352086437,Control
0.352295508,Control
0.362094819,Control
0.3794523,Control
0.383320241,Control
0.392192613,Control
0.406082064,Control
0.421337737,Control
0.421733292,Control
0.424343981,Control
0.429868315,Control
0.436701022,Control
0.461678701,Control
0.472835126,Control
0.485054784,Control
0.487475938,Control
0.496088692,Control
0.497137181,Control
0.50004969,Control
0.504377697,Control
0.515189353,Control
0.519718498,Control
0.540436308,Control
0.551731584,Control
0.560736784,Control
0.578294653,Control
0.581244787,Control
0.586100291,Control
0.592093173,Control
0.601382407,Control
0.624419902,Control
0.627680484,Control
0.630813635,Control
0.63902788,Control
0.658259431,Control
0.659610589,Control
0.660467393,Control
0.683000124,Control
0.723733941,Control
0.780012512,Control
0.797734161,Control
0.81232493,Control
0.839295597,Control
0.872804192,Control
0.891118107,Control
0.960114795,Control
0.97028429,Control
1.094784659,Control
1.09829797,Control
1.122288328,Control
1.190567923,Control
1.211536771,Control
1.23323934,Control
1.257680453,Control
1.266686442,Control
1.272089258,Control
1.281891863,Control
1.342183459,Control
1.356575011,Control
1.417466451,Control
1.463149222,Control
1.629472918,Control
0.122805654,Control
0.160231685,Control
0.164637698,Control
0.164888477,Control
0.169404043,Control
0.174752868,Control
0.177807246,Control
0.189323863,Control
0.19503281,Control
0.224081759,Control
0.245082888,Control
0.253952808,Control
0.254077921,Control
0.255433044,Control
0.260362435,Control
0.271434609,Control
0.276862847,Control
0.279507937,Control
0.283257704,Control
0.291294454,Control
0.295042402,Control
0.296753406,Control
0.309646416,Control
0.312639788,Control
0.323400464,Control
0.330998672,Control
0.332108602,Control
0.334480891,Control
0.335135238,Control
0.335239703,Control
0.340620351,Control
0.342785401,Control
0.348786264,Control
0.34891316,Control
0.350228116,Control
0.355310283,Control
0.364665995,Control
0.375427481,Control
0.380729725,Control
0.381510521,Control
0.389022457,Control
0.396307642,Control
0.400292904,Control
0.401801472,Control
0.402632858,Control
0.413564489,Control
0.417062833,Control
0.419517689,Control
0.422375085,Control
0.426875702,Control
0.432872713,Control
0.433593039,Control
0.435937418,Control
0.438685942,Control
0.441264627,Control
0.4446833,Control
0.448748978,Control
0.45216835,Control
0.465132764,Control
0.467104935,Control
0.467444326,Control
0.472479623,Control
0.481592711,Control
0.48994643,Control
0.496004607,Control
0.496509509,Control
0.499207904,Control
0.512089886,Control
0.527572735,Control
0.528597198,Control
0.534367093,Control
0.539285296,Control
0.539356425,Control
0.544988913,Control
0.554876299,Control
0.563418574,Control
0.587364048,Control
0.589256126,Control
0.598428455,Control
0.608139908,Control
0.63516765,Control
0.639612197,Control
0.641627255,Control
0.650942868,Control
0.654648565,Control
0.667212844,Control
0.681909658,Control
0.698155051,Control
0.701790931,Control
0.720157896,Control
0.738043587,Control
0.903287951,Control
0.938903567,Control
1.030781753,Control
1.073286499,Control
1.615016766,Control
1.860527266,Control
1.895535065,Control
0.133838331,Control
0.156413723,Control
0.180670589,Control
0.182224326,Control
0.199733907,Control
0.200811238,Control
0.202772434,Control
0.230624871,Control
0.238062744,Control
0.249387936,Control
0.250714145,Control
0.252091829,Control
0.256476059,Control
0.257282416,Control
0.265772668,Control
0.266747406,Control
0.268539699,Control
0.290429811,Control
0.297965074,Control
0.299543668,Control
0.304988744,Control
0.306509639,Control
0.306530049,Control
0.307801802,Control
0.310267657,Control
0.314272016,Control
0.314695614,Control
0.314775737,Control
0.31741752,Control
0.319089175,Control
0.330841097,Control
0.333789141,Control
0.336625881,Control
0.345399718,Control
0.355173604,Control
0.356018172,Control
0.358780892,Control
0.363440112,Control
0.366963542,Control
0.371623134,Control
0.380342332,Control
0.381819797,Control
0.382127101,Control
0.388438806,Control
0.390979191,Control
0.39214139,Control
0.39378393,Control
0.39548123,Control
0.396507194,Control
0.397157925,Control
0.402733158,Control
0.423013762,Control
0.424370601,Control
0.425842082,Control
0.427963843,Control
0.430801067,Control
0.435610986,Control
0.442761026,Control
0.446973801,Control
0.449987195,Control
0.452268117,Control
0.457011108,Control
0.45738219,Control
0.460469219,Control
0.461624121,Control
0.462372178,Control
0.464322749,Control
0.478828394,Control
0.485579273,Control
0.486865984,Control
0.492130537,Control
0.494589463,Control
0.498244003,Control
0.517536923,Control
0.532064652,Control
0.534179203,Control
0.535896249,Control
0.541968507,Control
0.545352581,Control
0.547746798,Control
0.555365066,Control
0.555809438,Control
0.562104035,Control
0.562798138,Control
0.56747006,Control
0.569040907,Control
0.579305765,Control
0.596778687,Control
0.606848789,Control
0.63652413,Control
0.636690858,Control
0.675270029,Control
0.681284943,Control
0.68343588,Control
0.694537404,Control
0.739243398,Control
0.757296493,Control
0.764713265,Control
0.780105054,Control
0.991169446,Control
1.015781634,Control
1.047160332,Control
1.060806272,Control
0.13904422,Moderate
0.186044528,Moderate
0.202088556,Moderate
0.283683909,Moderate
0.355906865,Moderate
0.368942666,Moderate
0.380602305,Moderate
0.382267937,Moderate
0.408108519,Moderate
0.418643489,Moderate
0.452022727,Moderate
0.452616117,Moderate
0.461198435,Moderate
0.474427773,Moderate
0.485892512,Moderate
0.494886987,Moderate
0.49799676,Moderate
0.50407075,Moderate
0.510059924,Moderate
0.51518768,Moderate
0.520825531,Moderate
0.525428651,Moderate
0.532816212,Moderate
0.537810686,Moderate
0.559706675,Moderate
0.573534801,Moderate
0.575566358,Moderate
0.579231389,Moderate
0.582275035,Moderate
0.586641412,Moderate
0.597395775,Moderate
0.609531218,Moderate
0.614953189,Moderate
0.633666329,Moderate
0.646037212,Moderate
0.676000158,Moderate
0.685362646,Moderate
0.702499536,Moderate
0.705330453,Moderate
0.706652207,Moderate
0.709308182,Moderate
0.728989653,Moderate
0.749736838,Moderate
0.756727296,Moderate
0.778939975,Moderate
0.815063098,Moderate
0.846818456,Moderate
0.867655723,Moderate
0.886476261,Moderate
0.892199797,Moderate
0.945105096,Moderate
0.950317185,Moderate
0.977191122,Moderate
1.006816896,Moderate
1.025319599,Moderate
1.025324835,Moderate
1.039453338,Moderate
1.049879084,Moderate
1.082668582,Moderate
1.110871381,Moderate
1.147515505,Moderate
1.167192537,Moderate
1.237009464,Moderate
1.256495349,Moderate
1.27975637,Moderate
1.302307282,Moderate
1.409634552,Moderate
1.438770647,Moderate
1.46987145,Moderate
1.512100765,Moderate
1.570782112,Moderate
1.583533872,Moderate
1.614752725,Moderate
1.656616546,Moderate
1.689251645,Moderate
1.691596634,Moderate
1.726898034,Moderate
1.749221333,Moderate
1.751922869,Moderate
1.793750434,Moderate
1.799048134,Moderate
1.805868563,Moderate
1.835519379,Moderate
1.898953419,Moderate
1.902992657,Moderate
1.955013339,Moderate
1.991795552,Moderate
2.009920794,Moderate
2.313924928,Moderate
2.520075173,Moderate
2.644625,Moderate
2.980015775,Moderate
2.980267536,Moderate
3.143751108,Moderate
3.169600913,Moderate
3.406710983,Moderate
3.823014894,Moderate
0.301495204,Moderate
0.392034659,Moderate
0.398421726,Moderate
0.406780133,Moderate
0.499341194,Moderate
0.528625512,Moderate
0.5721858,Moderate
0.575621405,Moderate
0.58046455,Moderate
0.591679812,Moderate
0.600700799,Moderate
0.616395059,Moderate
0.623507995,Moderate
0.662745746,Moderate
0.67309017,Moderate
0.687261274,Moderate
0.714199286,Moderate
0.728477814,Moderate
0.752608958,Moderate
0.761172731,Moderate
0.783338428,Moderate
0.809227954,Moderate
0.824487223,Moderate
0.83568414,Moderate
0.837746286,Moderate
0.861574759,Moderate
0.862789511,Moderate
0.890177685,Moderate
0.911506318,Moderate
0.947106686,Moderate
0.972188062,Moderate
0.97781179,Moderate
0.980889896,Moderate
1.026847304,Moderate
1.036202397,Moderate
1.071270449,Moderate
1.071429421,Moderate
1.077897059,Moderate
1.088594535,Moderate
1.106922017,Moderate
1.118280595,Moderate
1.132499991,Moderate
1.137774706,Moderate
1.152835888,Moderate
1.180559493,Moderate
1.191208353,Moderate
1.205966327,Moderate
1.280894534,Moderate
1.318628503,Moderate
1.324419713,Moderate
1.34326001,Moderate
1.345611204,Moderate
1.390645614,Moderate
1.463462065,Moderate
1.476254054,Moderate
1.48363689,Moderate
1.552264069,Moderate
1.58144171,Moderate
1.60454661,Moderate
1.619825832,Moderate
1.644481395,Moderate
1.645578811,Moderate
1.651557254,Moderate
1.720155246,Moderate
1.727060618,Moderate
1.737635919,Moderate
1.75124372,Moderate
1.760809134,Moderate
1.782719822,Moderate
1.817494494,Moderate
1.872938853,Moderate
1.906799415,Moderate
1.954847065,Moderate
2.110540237,Moderate
2.125302683,Moderate
2.158185536,Moderate
2.164573009,Moderate
2.228824331,Moderate
2.260087374,Moderate
2.279053177,Moderate
2.285218895,Moderate
2.302254887,Moderate
2.310208241,Moderate
2.393284308,Moderate
2.46072615,Moderate
2.535320485,Moderate
2.562700271,Moderate
2.689653014,Moderate
2.745881958,Moderate
2.837704645,Moderate
2.94282052,Moderate
3.001161418,Moderate
3.091616838,Moderate
3.136708974,Moderate
3.223675023,Moderate
3.320443688,Moderate
3.406885623,Moderate
3.632586781,Moderate
3.758650224,Moderate
3.979692766,Moderate
4.238100177,Moderate
4.365961948,Moderate
4.501093023,Moderate
0.238908271,Moderate
0.281167924,Moderate
0.411911802,Moderate
0.417748427,Moderate
0.442671493,Moderate
0.446245894,Moderate
0.464227414,Moderate
0.555644594,Moderate
0.582159945,Moderate
0.5897663,Moderate
0.595842077,Moderate
0.596608593,Moderate
0.646209846,Moderate
0.654555487,Moderate
0.69084621,Moderate
0.717761234,Moderate
0.727977334,Moderate
0.732267508,Moderate
0.733911105,Moderate
0.737238097,Moderate
0.747518152,Moderate
0.789653637,Moderate
0.807010126,Moderate
0.820222093,Moderate
0.835633213,Moderate
0.869670359,Moderate
0.873413415,Moderate
0.900074862,Moderate
0.906480398,Moderate
0.913827661,Moderate
0.91613634,Moderate
0.950305312,Moderate
0.994859037,Moderate
0.996560829,Moderate
1.000887318,Moderate
1.023105039,Moderate
1.057552195,Moderate
1.094533943,Moderate
1.12364642,Moderate
1.151529644,Moderate
1.163920191,Moderate
1.164065832,Moderate
1.169786234,Moderate
1.190210178,Moderate
1.208171791,Moderate
1.285110785,Moderate
1.309941008,Moderate
1.372234951,Moderate
1.392406292,Moderate
1.452021854,Moderate
1.471708233,Moderate
1.481713403,Moderate
1.560807634,Moderate
1.575626628,Moderate
1.647974663,Moderate
1.656090369,Moderate
1.674341826,Moderate
1.680170551,Moderate
1.75890431,Moderate
1.881062477,Moderate
1.904529319,Moderate
1.934731862,Moderate
1.956614825,Moderate
1.966876841,Moderate
1.986740076,Moderate
2.076952178,Moderate
2.11572565,Moderate
2.167560584,Moderate
2.172110333,Moderate
2.313077031,Moderate
2.320845873,Moderate
2.338627352,Moderate
2.359858634,Moderate
2.384618601,Moderate
2.385914897,Moderate
2.477565851,Moderate
2.611978614,Moderate
2.617119129,Moderate
2.669728857,Moderate
2.719631245,Moderate
2.891073337,Moderate
2.956912342,Moderate
3.037625385,Moderate
3.069310288,Moderate
3.147534764,Moderate
3.192127351,Moderate
3.281955557,Moderate
3.310536377,Moderate
3.45067819,Moderate
3.470863069,Moderate
3.505624251,Moderate
3.578635872,Moderate
3.626059399,Moderate
3.775173951,Moderate
4.024002241,Moderate
4.03212159,Moderate
4.243905439,Moderate
4.309158277,Moderate
4.343898657,Moderate
4.623199169,Moderate
4.673973468,Moderate
4.691942821,Moderate
5.04714739,Moderate
5.060348661,Moderate
5.404941068,Moderate
5.474231761,Moderate
0.121791776,Severe
0.240765955,Severe
0.281251839,Severe
0.295183287,Severe
0.313640259,Severe
0.314692904,Severe
0.371198712,Severe
0.395733633,Severe
0.404887688,Severe
0.434625211,Severe
0.47633143,Severe
0.554697227,Severe
0.572122178,Severe
0.615963719,Severe
0.629076418,Severe
0.656270416,Severe
0.673125322,Severe
0.688021104,Severe
0.690308471,Severe
0.698916796,Severe
0.727747972,Severe
0.751466143,Severe
0.755872734,Severe
0.769159937,Severe
0.797522821,Severe
0.814745404,Severe
0.819248022,Severe
0.827870797,Severe
0.857262445,Severe
0.863302045,Severe
0.865206571,Severe
0.865290252,Severe
0.87942532,Severe
0.929670445,Severe
0.9445268,Severe
0.956142352,Severe
0.970728741,Severe
0.997616133,Severe
1.01650528,Severe
1.019976289,Severe
1.023624954,Severe
1.040344183,Severe
1.046197837,Severe
1.082537231,Severe
1.088290918,Severe
1.101102662,Severe
1.118681329,Severe
1.119257764,Severe
1.125314392,Severe
1.132350239,Severe
1.135823,Severe
1.149849955,Severe
1.155088808,Severe
1.175330958,Severe
1.17833299,Severe
1.222025414,Severe
1.234328434,Severe
1.243285408,Severe
1.261952123,Severe
1.284842218,Severe
1.294838712,Severe
1.296629133,Severe
1.297663569,Severe
1.331211585,Severe
1.357386028,Severe
1.394106946,Severe
1.402190348,Severe
1.403618358,Severe
1.415494573,Severe
1.42748183,Severe
1.445779126,Severe
1.478653189,Severe
1.487546413,Severe
1.612959865,Severe
1.68756048,Severe
1.763833887,Severe
1.80901765,Severe
1.822959091,Severe
3.583165639,Severe
0.179619322,Severe
0.227828508,Severe
0.241631638,Severe
0.2486776,Severe
0.267891868,Severe
0.269645161,Severe
0.270451564,Severe
0.280204249,Severe
0.285577604,Severe
0.313438239,Severe
0.316876947,Severe
0.318789727,Severe
0.320674926,Severe
0.330961298,Severe
0.332010499,Severe
0.332688615,Severe
0.334844961,Severe
0.338127496,Severe
0.338682501,Severe
0.347784149,Severe
0.362405161,Severe
0.37917321,Severe
0.383296133,Severe
0.396349555,Severe
0.411669452,Severe
0.424466946,Severe
0.425332242,Severe
0.432383545,Severe
0.435595458,Severe
0.43582338,Severe
0.435917344,Severe
0.440401967,Severe
0.441585741,Severe
0.450558003,Severe
0.452388954,Severe
0.453052185,Severe
0.457168466,Severe
0.457452528,Severe
0.462450298,Severe
0.468856793,Severe
0.470402086,Severe
0.475838509,Severe
0.485411316,Severe
0.486695921,Severe
0.497308781,Severe
0.518400046,Severe
0.522154126,Severe
0.531240612,Severe
0.533720522,Severe
0.573596236,Severe
0.575795027,Severe
0.579828072,Severe
0.595986792,Severe
0.597927363,Severe
0.601075173,Severe
0.608617405,Severe
0.637838501,Severe
0.644298779,Severe
0.64569148,Severe
0.653993872,Severe
0.673838501,Severe
0.676993429,Severe
0.682095888,Severe
0.682295305,Severe
0.683996191,Severe
0.684921084,Severe
0.703992067,Severe
0.756757819,Severe
0.757352925,Severe
0.768817893,Severe
0.773465361,Severe
0.776439137,Severe
0.782627804,Severe
0.792312466,Severe
0.802407228,Severe
0.812255506,Severe
0.820682431,Severe
0.826543379,Severe
0.828496673,Severe
0.831250879,Severe
0.848140911,Severe
0.855196895,Severe
0.860400022,Severe
0.862159432,Severe
0.890233291,Severe
0.909323294,Severe
0.914302758,Severe
0.981624825,Severe
0.98167984,Severe
1.022508871,Severe
1.023370401,Severe
1.037057599,Severe
1.31258522,Severe
1.345246488,Severe
1.487780142,Severe
1.520225821,Severe
1.563757922,Severe
1.767821041,Severe
1.891793887,Severe
0.410110795,Severe
0.428865056,Severe
0.456273808,Severe
0.488223117,Severe
0.491329495,Severe
0.524787342,Severe
0.52569247,Severe
0.534765004,Severe
0.551987866,Severe
0.560056568,Severe
0.58596577,Severe
0.598215224,Severe
0.612936447,Severe
0.623205785,Severe
0.635998565,Severe
0.645811786,Severe
0.654702227,Severe
0.656656571,Severe
0.6605827,Severe
0.680704975,Severe
0.699521526,Severe
0.710061821,Severe
0.723537056,Severe
0.736834563,Severe
0.737832536,Severe
0.740161818,Severe
0.745951393,Severe
0.748433726,Severe
0.757670977,Severe
0.768463779,Severe
0.770695345,Severe
0.772986114,Severe
0.778899927,Severe
0.782109268,Severe
0.806867928,Severe
0.811310093,Severe
0.813140024,Severe
0.817682963,Severe
0.834815265,Severe
0.839845381,Severe
0.854513103,Severe
0.859920078,Severe
0.86857188,Severe
0.888262741,Severe
0.900218518,Severe
0.903748867,Severe
0.909452646,Severe
0.919463255,Severe
0.951057877,Severe
0.953876775,Severe
0.987499341,Severe
0.994357063,Severe
1.018719959,Severe
1.030573101,Severe
1.032221783,Severe
1.040288526,Severe
1.056563427,Severe
1.064390137,Severe
1.070089817,Severe
1.073846364,Severe
1.079197912,Severe
1.079486437,Severe
1.085379204,Severe
1.089904057,Severe
1.099584918,Severe
1.147237028,Severe
1.162691705,Severe
1.172576826,Severe
1.172795884,Severe
1.206383015,Severe
1.218879553,Severe
1.229935001,Severe
1.232622114,Severe
1.241366917,Severe
1.289271839,Severe
1.319225163,Severe
1.331925276,Severe
1.343754751,Severe
1.344903396,Severe
1.356388719,Severe
1.37136979,Severe
1.381514746,Severe
1.408760321,Severe
1.441629659,Severe
1.461742338,Severe
1.471369629,Severe
1.473813591,Severe
1.518566144,Severe
1.543028168,Severe
1.548597399,Severe
1.612660919,Severe
1.612676793,Severe
1.68725205,Severe
1.693019562,Severe
1.980848098,Severe
2.193626895,Severe
2.423613252,Severe
2.790388826,Severe
2.850165084,Severe
2.886761522,Severe
3.143403918,Severe
3.256914059,Severe
3.343973627,Severe
